"Country","Climate zone","Avg °F","Avg °C","Total Score and Status","Population","GDP","HDI","death_number"
"Afghanistan","DSB",60.26,15.7,"10 Not Free",38041757,18799450743,0.488,34627.787320493
"Afghanistan","DSB",60.26,15.7,"10 Not Free",38041757,18799450743,0.488,984230.160474268
"Albania","CSB",59.31,15.17,"67 Partly Free",2854191,15401830754,0.81,6008.14544726192
"Albania","CSB",59.31,15.17,"67 Partly Free",2854191,15401830754,0.81,101178.053369366
"Algeria","BWH",68,20,"32 Not Free",43053054,1.71767e+11,0.748,58692.069803933
"Algeria","BWH",68,20,"32 Not Free",43053054,1.71767e+11,0.748,1167611.91181929
"Andorra","CFB",44.91,7.17,"93 Free",77146,3155149348,0.873,75.7554237257474
"Andorra","CFB",44.91,7.17,"93 Free",77146,3155149348,0.873,1121.36731152582
"Angola","AW",75.87,24.37,"30 Not Free",31825299,69309104807,0.595,9300.47490587737
"Angola","AW",75.87,24.37,"30 Not Free",31825299,69309104807,0.595,236138.527589134
"Antigua and Barbuda","AF",80.85,27.14,"85 Free",97115,1687533333,0.8,78.1917158977803
"Antigua and Barbuda","AF",80.85,27.14,"85 Free",97115,1687533333,0.8,1464.09259450502
"Argentina","CFA",64.83,18.24,"84 Free",44938712,4.52818e+11,0.852,45371.1877528416
"Argentina","CFA",64.83,18.24,"84 Free",44938712,4.52818e+11,0.852,779135.372024324
"Armenia","DFB",50.72,10.4,"55 Partly Free",2957728,13619291361,0.778,9255.38924825276
"Armenia","DFB",50.72,10.4,"55 Partly Free",2957728,13619291361,0.778,158462.320159822
"Australia","BWH",68.67,20.37,"95 Free",25365745,1.39195e+12,0.941,26633.2620669326
"Australia","BWH",68.67,20.37,"95 Free",25365745,1.39195e+12,0.941,372503.850784609
"Austria","DFB",47.88,8.82,"93 Free",8879920,4.45012e+11,0.919,18087.0195286844
"Austria","DFB",47.88,8.82,"93 Free",8879920,4.45012e+11,0.919,233396.404942632
"Azerbaijan","BSK",58.05,14.47,"9 Not Free",10024283,48174235294,0.761,27208.6838916108
"Azerbaijan","BSK",58.05,14.47,"9 Not Free",10024283,48174235294,0.761,563323.128536864
"Bahrain","BWH",82.36,27.98,"12 Not Free",1641164,38653318085,0.882,863.354886916744
"Bahrain","BWH",82.36,27.98,"12 Not Free",1641164,38653318085,0.882,23146.6164878572
"Bangladesh","AW",81.93,27.74,"39 Partly Free",163046173,3.51238e+11,0.644,131010.166246466
"Bangladesh","AW",81.93,27.74,"39 Partly Free",163046173,3.51238e+11,0.644,3075696.4231537
"Barbados","AM",81.7,27.61,"95 Free",287021,5304164323,0.799,342.337861747597
"Barbados","AM",81.7,27.61,"95 Free",287021,5304164323,0.799,6051.37863428239
"Belarus","DFB",47.59,8.66,"8 Not Free",9419758,64409647194,0.817,54617.8596974592
"Belarus","DFB",47.59,8.66,"8 Not Free",9419758,64409647194,0.817,909956.123230214
"Belgium","CFB",52.54,11.41,"96 Free",11488980,5.35376e+11,0.936,15145.6880380902
"Belgium","CFB",52.54,11.41,"96 Free",11488980,5.35376e+11,0.936,213322.994394274
"Belize","AM",79.95,26.64,"87 Free",390351,1945250236,0.705,210.073349477565
"Belize","AM",79.95,26.64,"87 Free",390351,1945250236,0.705,4601.35427677681
"Benin","AW",84.42,29.12,"59 Partly Free",11801151,14391686633,0.53,4432.08806414425
"Benin","AW",84.42,29.12,"59 Partly Free",11801151,14391686633,0.53,99676.2502143509
"Bhutan","CWB",60.08,15.6,"61 Partly Free",763094,2535657069,0.671,663.0869512114
"Bhutan","CWB",60.08,15.6,"61 Partly Free",763094,2535657069,0.671,14661.9398039951
"Bolivia","AW",64.94,18.3,"66 Partly Free",11513102,40895322851,NA,NA
"Bosnia and Herzegovina","DFB",54.18,12.32,"53 Partly Free",3300998,20201323283,0.783,8817.46480850021
"Bosnia and Herzegovina","DFB",54.18,12.32,"53 Partly Free",3300998,20201323283,0.783,147247.298929068
"Botswana","BSH",76.21,24.56,"72 Free",2303703,16695925027,0.717,1408.84819212872
"Botswana","BSH",76.21,24.56,"72 Free",2303703,16695925027,0.717,35013.0162069269
"Brazil","AW",78.3,25.72,"73 Free",211049519,1.87329e+12,0.766,171246.341243508
"Brazil","AW",78.3,25.72,"73 Free",211049519,1.87329e+12,0.766,3721023.45445331
"Brunei","AF",83.17,28.43,"28 Not Free",NA,NA,NA,NA
"Bulgaria","DFB",56.12,13.4,"79 Free",6975761,68915416142,0.81,34450.3146279208
"Bulgaria","DFB",56.12,13.4,"79 Free",6975761,68915416142,0.81,559633.507290232
"Burkina Faso","BSH",88.05,31.14,"53 Partly Free",20321383,16178162030,0.452,9474.39669368132
"Burkina Faso","BSH",88.05,31.14,"53 Partly Free",20321383,16178162030,0.452,217506.032465788
"Burundi","CWB",68.85,20.47,"14 Not Free",11530577,2581268126,0.431,4028.66857742834
"Burundi","CWB",68.85,20.47,"14 Not Free",11530577,2581268126,0.431,103978.257316914
"Cambodia","AM",84.15,28.97,"24 Not Free",16486542,27089389787,0.598,11456.1582615933
"Cambodia","AM",84.15,28.97,"24 Not Free",16486542,27089389787,0.598,262083.489322772
"Cameroon","AW",80.26,26.81,"15 Not Free",25876387,39670977333,0.583,10618.8616984984
"Cameroon","AW",80.26,26.81,"15 Not Free",25876387,39670977333,0.583,248450.157488454
"Canada","DFC",35.76,2.09,"98 Free",37601230,1.74202e+12,0.937,48774.0518113257
"Canada","DFC",35.76,2.09,"98 Free",37601230,1.74202e+12,0.937,735083.266762709
"Central African Republic","AW",83.34,28.52,"7 Not Free",4745179,2221301401,0.411,2524.77153608797
"Central African Republic","AW",83.34,28.52,"7 Not Free",4745179,2221301401,0.411,71178.803955153
"Chad","CFA",87.58,30.88,"15 Not Free",15946882,11314951343,0.403,5367.71454741939
"Chad","CFA",87.58,30.88,"15 Not Free",15946882,11314951343,0.403,123669.16298245
"Chile","CSB",58.08,14.49,"94 Free",18952035,2.78585e+11,0.861,11986.385262884
"Chile","CSB",58.08,14.49,"94 Free",18952035,2.78585e+11,0.861,214819.57180033
"China","BSK",58.32,14.62,"9 Not Free",1407745000,1.42799e+13,0.762,1874006.90441046
"China","BSK",58.32,14.62,"9 Not Free",1407745000,1.42799e+13,0.762,34685806.0808521
"Colombia","CFB",75.56,24.2,"64 Partly Free",50339443,3.2311e+11,0.768,41709.1250250359
"Colombia","CFB",75.56,24.2,"64 Partly Free",50339443,3.2311e+11,0.768,717682.013034426
"Comoros","AF",80.53,26.96,"42 Partly Free",850891,1195019559,0.56,443.159974941817
"Comoros","AF",80.53,26.96,"42 Partly Free",850891,1195019559,0.56,9468.68557082419
"Costa Rica","CFB",74.43,23.57,"91 Free",5047561,64417670083,0.819,3708.16516627816
"Costa Rica","CFB",74.43,23.57,"91 Free",5047561,64417670083,0.819,68351.1986511113
"Croatia","CFB",56.3,13.5,"85 Free",4065253,62246206341,0.861,13197.4410558519
"Croatia","CFB",56.3,13.5,"85 Free",4065253,62246206341,0.861,189720.057159715
"Cuba","AW",80.44,26.91,"12 Not Free",11333484,1.03428e+11,0.788,22271.9875730138
"Cuba","AW",80.44,26.91,"12 Not Free",11333484,1.03428e+11,0.788,370563.297404117
"Cyprus","BSH",71.08,21.71,"93 Free",1198574,25758357775,0.897,1595.73333923156
"Cyprus","BSH",71.08,21.71,"93 Free",1198574,25758357775,0.897,27938.7871454542
"Democratic Republic of the Congo","AM",80.28,26.82,"19 Not Free",NA,NA,NA,31794.5352709238
"Democratic Republic of the Congo","AM",80.28,26.82,"19 Not Free",NA,NA,NA,773781.416816338
"Denmark","CFB",49.8,9.89,"97 Free",5814422,3.47561e+11,0.946,7169.75132832071
"Denmark","CFB",49.8,9.89,"97 Free",5814422,3.47561e+11,0.946,99355.1559345537
"Djibouti","BWH",85.64,29.8,"24 Not Free",973557,3088853639,0.512,495.70256808217
"Djibouti","BWH",85.64,29.8,"24 Not Free",973557,3088853639,0.512,12832.5714662668
"Dominica","AF",81.16,27.31,"93 Free",71808,611537037,0.729,81.1694225655658
"Dominica","AF",81.16,27.31,"93 Free",71808,611537037,0.729,1400.61272705974
"Dominican Republic","AF",78.93,26.07,"68 Partly Free",10738957,88941299734,0.771,15306.1452982192
"Dominican Republic","AF",78.93,26.07,"68 Partly Free",10738957,88941299734,0.771,328049.129764218
"Ecuador","CFB",63.07,17.26,"71 Free",17373657,1.08108e+11,0.76,10683.989023341
"Ecuador","CFB",63.07,17.26,"71 Free",17373657,1.08108e+11,0.76,210989.100917457
"Egypt","BWH",76.82,24.9,"18 Not Free",NA,NA,0.735,181884.574707108
"Egypt","BWH",76.82,24.9,"18 Not Free",NA,NA,0.735,4419938.20765602
"El Salvador","AW",81.16,27.31,"59 Partly Free",6453550,26896660000,0.683,6481.97231307431
"El Salvador","AW",81.16,27.31,"59 Partly Free",6453550,26896660000,0.683,111489.344677848
"Equatorial Guinea","AM",78.94,26.08,"5 Not Free",1355982,11364134109,0.605,349.176250843314
"Equatorial Guinea","AM",78.94,26.08,"5 Not Free",1355982,11364134109,0.605,7740.11587328523
"Eritrea","BWH",80.58,26.99,"3 Not Free",NA,NA,0.495,2272.55497519383
"Eritrea","BWH",80.58,26.99,"3 Not Free",NA,NA,0.495,62598.3224579555
"Estonia","DFB",45.52,7.51,"94 Free",1326855,31045591753,0.896,4434.18710808278
"Estonia","DFB",45.52,7.51,"94 Free",1326855,31045591753,0.896,60837.4582521109
"Eswatini","CWA",69.39,20.77,"17 Not Free",1148133,4466066557,NA,548.818411233268
"Eswatini","CWA",69.39,20.77,"17 Not Free",1148133,4466066557,NA,13741.1147550833
"Ethiopia","BSH",72.01,22.23,"23 Not Free",112078727,95912590628,0.498,28409.1286969549
"Ethiopia","BSH",72.01,22.23,"23 Not Free",112078727,95912590628,0.498,651614.416124331
"Fiji","AF",79.68,26.49,"58 Partly Free",889955,5496264766,0.746,1574.64128293725
"Fiji","AF",79.68,26.49,"58 Partly Free",889955,5496264766,0.746,42192.9013208876
"Finland","DFC",42.15,5.64,"100 Free",5521606,2.68508e+11,0.939,14812.3339107331
"Finland","DFC",42.15,5.64,"100 Free",5521606,2.68508e+11,0.939,192652.234770048
"France","CFB",54.39,12.44,"89 Free",67248926,2.72887e+12,0.905,68324.8829475052
"France","CFB",54.39,12.44,"89 Free",67248926,2.72887e+12,0.905,897074.675427341
"Gabon","AW",80.06,26.7,"21 Not Free",2172578,16874405840,0.709,986.707391379534
"Gabon","AW",80.06,26.7,"21 Not Free",2172578,16874405840,0.709,22030.4953179296
"Georgia","CFA",53.8,12.11,"58 Partly Free",3720161,17470436259,0.81,13916.831844889
"Georgia","CFA",53.8,12.11,"58 Partly Free",3720161,17470436259,0.81,233146.680727284
"Germany","CFB",51.22,10.68,"94 Free",83092962,3.88833e+12,0.948,184322.654766431
"Germany","CFB",51.22,10.68,"94 Free",83092962,3.88833e+12,0.948,2477720.70618486
"Ghana","AW",83.95,28.86,"80 Free",30417858,68337537816,0.631,15888.2770856302
"Ghana","AW",83.95,28.86,"80 Free",30417858,68337537816,0.631,357915.476635509
"Greece","CSA",62.64,17.02,"87 Free",10721582,2.05144e+11,0.889,26142.4460120849
"Greece","CSA",62.64,17.02,"87 Free",10721582,2.05144e+11,0.889,376237.071551049
"Grenada","AW",81.68,27.6,"89 Free",112002,1213485185,0.8,105.199570252963
"Grenada","AW",81.68,27.6,"89 Free",112002,1213485185,0.8,2207.61203859674
"Guatemala","AM",71.1,21.72,"51 Partly Free",16604026,77020015201,0.642,9408.46204001334
"Guatemala","AM",71.1,21.72,"51 Partly Free",16604026,77020015201,0.642,186937.17527564
"Guinea","AW",80.71,27.06,"34 Not Free",12771246,13442861444,0.467,5826.10949544286
"Guinea","AW",80.71,27.06,"34 Not Free",12771246,13442861444,0.467,127399.129535151
"Guinea-Bissau","AW",85.5,29.72,"43 Partly Free",1920917,1439638443,0.49,936.366313460937
"Guinea-Bissau","AW",85.5,29.72,"43 Partly Free",1920917,1439638443,0.49,24073.6427362108
"Guyana","AF",82.02,27.79,"73 Free",782775,5173760192,0.708,1047.07224927963
"Guyana","AF",82.02,27.79,"73 Free",782775,5173760192,0.708,24836.2835392795
"Haiti","AW",79.66,26.48,"33 Not Free",11263079,14785839383,0.543,11148.6902384485
"Haiti","AW",79.66,26.48,"33 Not Free",11263079,14785839383,0.543,268851.03427744
"Honduras","AM",75.97,24.43,"47 Partly Free",9746115,25089976947,0.632,7606.49234738591
"Honduras","AM",75.97,24.43,"47 Partly Free",9746115,25089976947,0.632,151449.915605311
"Hungary","CFB",55.47,13.04,"69 Partly Free",9771141,1.63526e+11,0.853,35930.5557408268
"Hungary","CFB",55.47,13.04,"69 Partly Free",9771141,1.63526e+11,0.853,549531.967975928
"Iceland","ET",37.71,3.17,"94 Free",360563,24857740445,0.96,436.295567360266
"Iceland","ET",37.71,3.17,"94 Free",360563,24857740445,0.96,6026.64724263299
"India","AW",78.75,25.97,"66 Partly Free",1366417756,2.83155e+12,0.645,1519123.84615004
"India","AW",78.75,25.97,"66 Partly Free",1366417756,2.83155e+12,0.645,37233846.6478965
"Indonesia","AF",80.8,27.11,"59 Partly Free",270625567,1.1191e+12,0.716,245343.958094373
"Indonesia","AF",80.8,27.11,"59 Partly Free",270625567,1.1191e+12,0.716,6140193.78669115
"Iran","BWK",65.17,18.43,"14 Not Free",NA,NA,NA,NA
"Iraq","BWH",80.19,26.77,"29 Not Free",39309789,2.33636e+11,0.696,46847.9416100206
"Iraq","BWH",80.19,26.77,"29 Not Free",39309789,2.33636e+11,0.696,1070931.95004405
"Ireland","CFB",50.18,10.1,"97 Free",4934340,3.99122e+11,0.942,5809.68986312627
"Ireland","CFB",50.18,10.1,"97 Free",4934340,3.99122e+11,0.942,87627.7616644447
"Israel","BSH",72.84,22.69,"76 Free",9054000,3.97935e+11,0.921,6165.94846821281
"Israel","BSH",72.84,22.69,"76 Free",9054000,3.97935e+11,0.921,88443.2043024714
"Italy","CSA",58.05,14.47,"90 Free",59729081,2.01129e+12,0.897,101158.717541422
"Italy","CSA",58.05,14.47,"90 Free",59729081,2.01129e+12,0.897,1296123.62202541
"Jamaica","AW",80.29,26.83,"80 Free",2948277,15830768550,0.719,2109.36096525873
"Jamaica","AW",80.29,26.83,"80 Free",2948277,15830768550,0.719,37333.0676628959
"Japan","DFB",59.34,15.19,"96 Free",126633000,5.12332e+12,0.924,140588.250656733
"Japan","DFB",59.34,15.19,"96 Free",126633000,5.12332e+12,0.924,1836369.5399829
"Jordan","CFA",71.91,22.17,"33 Not Free",10101697,44502895915,0.727,6110.95803606501
"Jordan","CFA",71.91,22.17,"33 Not Free",10101697,44502895915,0.727,147480.625108614
"Kazakhstan","BSK",48.79,9.33,"23 Not Free",18513673,1.81667e+11,0.819,33047.1666201948
"Kazakhstan","BSK",48.79,9.33,"23 Not Free",18513673,1.81667e+11,0.819,631581.612984011
"Kenya","AW",72.5,22.5,"48 Partly Free",52573967,1.0038e+11,0.581,13716.6461224949
"Kenya","AW",72.5,22.5,"48 Partly Free",52573967,1.0038e+11,0.581,334783.614339626
"Kiribati","AF",81.68,27.6,"93 Free",117608,177935349.3,0.63,157.605293886727
"Kiribati","AF",81.68,27.6,"93 Free",117608,177935349.3,0.63,5033.62703678962
"Kosovo","CFB",54.25,12.36,"56 Partly Free",1788878,7899879086,NA,NA
"Kuwait","BWH",83.89,28.83,"37 Partly Free",4207077,1.36197e+11,0.839,2599.19054133648
"Kuwait","BWH",83.89,28.83,"37 Partly Free",4207077,1.36197e+11,0.839,71676.9102457272
"Kyrgyzstan","DFB",49.3,9.61,"27 Not Free",NA,NA,0.698,11482.937321812
"Kyrgyzstan","DFB",49.3,9.61,"27 Not Free",NA,NA,0.698,210216.589866772
"Laos","CWA",77.7,25.39,"13 Not Free",NA,NA,NA,NA
"Latvia","DFB",46.53,8.07,"88 Free",1913822,34308783825,0.871,9020.75103335232
"Latvia","DFB",46.53,8.07,"88 Free",1913822,34308783825,0.871,134385.04093026
"Lebanon","CSA",67.86,19.92,"42 Partly Free",6855709,51605959131,0.745,12251.4197187393
"Lebanon","CSA",67.86,19.92,"42 Partly Free",6855709,51605959131,0.745,233371.60579433
"Lesotho","CWB",60.91,16.06,"63 Partly Free",2125267,2451257579,0.524,1270.4358454675
"Lesotho","CWB",60.91,16.06,"63 Partly Free",2125267,2451257579,0.524,31783.0096676863
"Liberia","AM",80.35,26.86,"60 Partly Free",4937374,3319596500,0.484,1888.22998945512
"Liberia","AM",80.35,26.86,"60 Partly Free",4937374,3319596500,0.484,43292.2216569738
"Libya","BWH",74.97,23.87,"9 Not Free",6777453,69252306372,0.722,7826.8050398455
"Libya","BWH",74.97,23.87,"9 Not Free",6777453,69252306372,0.722,183158.656852956
"Liechtenstein","CFB",47.52,8.62,"90 Free",38020,6427248943,0.94,NA
"Lithuania","DFB",47.79,8.77,"89 Free",2794137,54697379017,0.884,14637.8129167212
"Lithuania","DFB",47.79,8.77,"89 Free",2794137,54697379017,0.884,206731.981265487
"Luxembourg","CFB",50.11,10.06,"97 Free",620001,70195715496,0.927,616.554194387602
"Luxembourg","CFB",50.11,10.06,"97 Free",620001,70195715496,0.927,8919.56359941975
"Madagascar","CWB",74.98,23.88,"61 Partly Free",26969306,14191911512,0.51,10713.9867791038
"Madagascar","CWB",74.98,23.88,"61 Partly Free",26969306,14191911512,0.51,285614.782015196
"Malawi","AW",73.44,23.02,"66 Partly Free",18628749,11025370769,0.519,5470.68632999346
"Malawi","AW",73.44,23.02,"66 Partly Free",18628749,11025370769,0.519,136834.955896882
"Malaysia","AF",82.9,28.28,"50 Partly Free",31949789,3.65276e+11,0.81,34010.4697730214
"Malaysia","AF",82.9,28.28,"50 Partly Free",31949789,3.65276e+11,0.81,785350.107972279
"Maldives","AM",82.78,28.21,"40 Partly Free",530957,5607762625,0.755,307.842662178998
"Maldives","AM",82.78,28.21,"40 Partly Free",530957,5607762625,0.755,6608.85829350026
"Mali","BWH",89.19,31.77,"32 Not Free",19658023,17280250805,0.433,7595.85243229571
"Mali","BWH",89.19,31.77,"32 Not Free",19658023,17280250805,0.433,160417.544612312
"Malta","CSA",67.89,19.94,"89 Free",504062,15719500921,0.915,919.969527739233
"Malta","CSA",67.89,19.94,"89 Free",504062,15719500921,0.915,13594.2915649095
"Marshall Islands","AF",82.69,28.16,"93 Free",58791,239462200,0.64,80.3200631255895
"Marshall Islands","AF",82.69,28.16,"93 Free",58791,239462200,0.64,2461.91994740562
"Mauritania","BWH",85.57,29.76,"35 Partly Free",4525698,7889655284,0.563,1826.64171524278
"Mauritania","BWH",85.57,29.76,"35 Partly Free",4525698,7889655284,0.563,36402.4602872977
"Mauritius","AM",77.16,25.09,"86 Free",1265711,14045808843,0.817,1663.4360313309
"Mauritius","AM",77.16,25.09,"86 Free",1265711,14045808843,0.817,34430.7204105603
"Mexico","BSK",71.65,22.03,"60 Partly Free",127575529,1.2694e+12,0.779,106311.060671666
"Mexico","BSK",71.65,22.03,"60 Partly Free",127575529,1.2694e+12,0.779,2021859.58831363
"Moldova","DFB",54.66,12.59,"62 Partly Free",2664974,11971345003,NA,NA
"Monaco","CSB",60.87,16.04,"84 Free",38967,7383745662,NA,79.6854965440844
"Monaco","CSB",60.87,16.04,"84 Free",38967,7383745662,NA,1044.27422453499
"Mongolia","BSK",34.2,1.22,"84 Free",3225166,14206359007,0.746,4905.53085943356
"Mongolia","BSK",34.2,1.22,"84 Free",3225166,14206359007,0.746,119404.861988033
"Montenegro","CFB",54.03,12.24,"67 Partly Free",622028,5542201151,0.837,1488.23659470386
"Montenegro","CFB",54.03,12.24,"67 Partly Free",622028,5542201151,0.837,27055.7941544573
"Morocco","BSH",70.63,21.46,"37 Partly Free",36471766,1.1987e+11,0.682,72011.5241880565
"Morocco","BSH",70.63,21.46,"37 Partly Free",36471766,1.1987e+11,0.682,1551022.56649905
"Mozambique","AW",78.12,25.62,"43 Partly Free",30366043,15390031040,0.456,8936.37210663838
"Mozambique","AW",78.12,25.62,"43 Partly Free",30366043,15390031040,0.456,224072.188919713
"Myanmar","AW",80.64,27.02,"9 Not Free",54045422,68697759361,0.598,40583.2029928784
"Myanmar","AW",80.64,27.02,"9 Not Free",54045422,68697759361,0.598,915053.860327715
"Namibia","BWH",76.03,24.46,"77 Free",2494524,12543203411,0.639,1373.77218686899
"Namibia","BWH",76.03,24.46,"77 Free",2494524,12543203411,0.639,29184.2353035518
"Nauru","AF",83.05,28.36,"77 Free",10764,118724073.8,NA,12.976183025422
"Nauru","AF",83.05,28.36,"77 Free",10764,118724073.8,NA,451.794345241688
"Nepal","CWB",71.6,22,"57 Partly Free",28608715,34186190996,0.611,23742.5838229947
"Nepal","CWB",71.6,22,"57 Partly Free",28608715,34186190996,0.611,554817.290739997
"Netherlands","CFB",52.86,11.59,"97 Free",17344874,9.10194e+11,0.943,17642.1348771417
"Netherlands","CFB",52.86,11.59,"97 Free",17344874,9.10194e+11,0.943,262543.261700514
"New Zealand","CFB",55.53,13.07,"99 Free",4979200,2.13435e+11,0.937,6491.93136596657
"New Zealand","CFB",55.53,13.07,"99 Free",4979200,2.13435e+11,0.937,92779.3957840205
"Nicaragua","AM",79.66,26.48,"23 Not Free",6545503,12596636042,0.664,5091.06488651161
"Nicaragua","AM",79.66,26.48,"23 Not Free",6545503,12596636042,0.664,93814.6131192547
"Niger","BWH",89.67,32.04,"51 Partly Free",23310719,12916455161,0.406,6756.26287663045
"Niger","BWH",89.67,32.04,"51 Partly Free",23310719,12916455161,0.406,157403.660554363
"Nigeria","AW",85.03,29.46,"43 Partly Free",200963603,4.4812e+11,0.538,69581.497421776
"Nigeria","AW",85.03,29.46,"43 Partly Free",200963603,4.4812e+11,0.538,1507241.39716359
"North Korea","DWB",48.65,9.25,"3 Not Free",NA,NA,NA,NA
"North Macedonia","CFB",55.92,13.29,"67 Partly Free",2076694,12606338449,0.784,5155.79763273725
"North Macedonia","CFB",55.92,13.29,"67 Partly Free",2076694,12606338449,0.784,96606.2682285872
"Norway","DFC",41.05,5.03,"100 Free",5347896,4.04941e+11,0.961,6270.68082315692
"Norway","DFC",41.05,5.03,"100 Free",5347896,4.04941e+11,0.961,86394.6100332201
"Oman","BWH",84.56,29.2,"24 Not Free",4974992,88060858257,0.839,3411.64571059921
"Oman","BWH",84.56,29.2,"24 Not Free",4974992,88060858257,0.839,83213.4456359025
"Pakistan","BWH",69.6,20.89,"37 Partly Free",216565317,3.20909e+11,0.546,183409.434261014
"Pakistan","BWH",69.6,20.89,"37 Partly Free",216565317,3.20909e+11,0.546,5145696.66357031
"Palau","AF",83.35,28.53,"92 Free",18001,274200000,0.776,40.8203986611922
"Palau","AF",83.35,28.53,"92 Free",18001,274200000,0.776,1142.35541033641
"Panama","AM",80.37,26.87,"83 Free",4246440,66984427200,0.817,2510.95678053174
"Panama","AM",80.37,26.87,"83 Free",4246440,66984427200,0.817,44050.1193271392
"Papua New Guinea","AF",73.45,23.03,"62 Partly Free",8776119,24751344561,0.56,7083.79552705665
"Papua New Guinea","AF",73.45,23.03,"62 Partly Free",8776119,24751344561,0.56,210171.790243237
"Paraguay","AW",77.11,25.06,"65 Partly Free",7044639,37925338329,0.732,4752.74995133458
"Paraguay","AW",77.11,25.06,"65 Partly Free",7044639,37925338329,0.732,98105.7895869388
"Peru","AF",63.73,17.63,"72 Free",32510462,2.28323e+11,0.78,16047.6085278154
"Peru","AF",63.73,17.63,"72 Free",32510462,2.28323e+11,0.78,279536.695719793
"Philippines","AF",81,27.22,"55 Partly Free",108116622,3.76823e+11,0.718,97412.1370462447
"Philippines","AF",81,27.22,"55 Partly Free",108116622,3.76823e+11,0.718,2451784.69169738
"Poland","CFB",51.08,10.6,"81 Free",37965475,5.97281e+11,0.881,97188.3567054697
"Poland","CFB",51.08,10.6,"81 Free",37965475,5.97281e+11,0.881,1467054.37796445
"Portugal","CSA",62.26,16.81,"95 Free",10286263,2.39987e+11,0.867,12989.9529717878
"Portugal","CSA",62.26,16.81,"95 Free",10286263,2.39987e+11,0.867,183964.809560889
"Qatar","BWH",85.53,29.74,"25 Not Free",2832071,1.75838e+11,0.859,830.008136951817
"Qatar","BWH",85.53,29.74,"25 Not Free",2832071,1.75838e+11,0.859,24220.3944360184
"Republic of the Congo","AM",81.19,27.33,"17 Not Free",NA,NA,NA,NA
"Romania","DFB",55.15,12.86,"83 Free",19371648,2.49882e+11,0.832,69806.4401983146
"Romania","DFB",55.15,12.86,"83 Free",19371648,2.49882e+11,0.832,1084223.52248718
"Russia","DFC",41.49,5.27,"19 Not Free",NA,NA,NA,NA
"Rwanda","CFB",68.79,20.44,"22 Not Free",12626938,10356327149,0.534,3769.83408890048
"Rwanda","CFB",68.79,20.44,"22 Not Free",12626938,10356327149,0.534,86212.1250998531
"Samoa","AW",81.77,27.65,"83 Free",197093,852007104.7,0.715,285.969292789694
"Samoa","AW",81.77,27.65,"83 Free",197093,852007104.7,0.715,6895.82606503793
"San Marino","CFB",61.99,16.66,"93 Free",33864,1616231696,0.862,37.0354765927075
"San Marino","CFB",61.99,16.66,"93 Free",33864,1616231696,0.862,494.58461541054
"Saudi Arabia","BWH",80.62,27.01,"7 Not Free",34268529,8.03616e+11,0.873,29689.0647009097
"Saudi Arabia","BWH",80.62,27.01,"7 Not Free",34268529,8.03616e+11,0.873,883559.460912733
"Senegal","BSH",86.58,30.32,"68 Partly Free",16296362,23398811424,0.513,7130.94448008895
"Senegal","BSH",86.58,30.32,"68 Partly Free",16296362,23398811424,0.513,151410.476677705
"Serbia","CFB",55.85,13.25,"62 Partly Free",6945235,51514222382,0.811,28365.381439218
"Serbia","CFB",55.85,13.25,"62 Partly Free",6945235,51514222382,0.811,452758.113836732
"Seychelles","AF",81.66,27.59,"79 Free",97625,1684228529,0.802,107.67089336987
"Seychelles","AF",81.66,27.59,"79 Free",97625,1684228529,0.802,2368.23816182531
"Sierra Leone","AM",81.7,27.61,"65 Partly Free",7813207,4076578543,0.48,3920.25439215182
"Sierra Leone","AM",81.7,27.61,"65 Partly Free",7813207,4076578543,0.48,88630.2557993353
"Singapore","AF",77.18,25.1,"47 Partly Free",5703569,3.75473e+11,0.943,3833.27702859957
"Singapore","AF",77.18,25.1,"47 Partly Free",5703569,3.75473e+11,0.943,72072.668261667
"Slovakia","DFB",51.4,10.78,"90 Free",NA,NA,0.862,17777.3907712489
"Slovakia","DFB",51.4,10.78,"90 Free",NA,NA,0.862,275504.521704677
"Slovenia","CFB",53.24,11.8,"90 Free",2088385,54178877606,0.921,2979.77341428849
"Slovenia","CFB",53.24,11.8,"90 Free",2088385,54178877606,0.921,44141.2952174044
"Solomon Islands","AF",81.97,27.76,"79 Free",669821,1570093229,0.567,1242.68941569071
"Solomon Islands","AF",81.97,27.76,"79 Free",669821,1570093229,0.567,40068.5355001405
"Somalia","BWH",82.24,27.91,"7 Not Free",15442906,6476674592,NA,6390.02767354725
"Somalia","BWH",82.24,27.91,"7 Not Free",15442906,6476674592,NA,178878.318831985
"South Africa","BWK",70.2,21.22,"79 Free",58558267,3.87935e+11,0.736,30470.1166215028
"South Africa","BWK",70.2,21.22,"79 Free",58558267,3.87935e+11,0.736,648992.172147947
"South Korea","DWB",56.48,13.6,"83 Free",NA,NA,NA,NA
"South Sudan","AW",85.1,29.5,"1 Not Free",11062114,NA,0.393,2491.35536237765
"South Sudan","AW",85.1,29.5,"1 Not Free",11062114,NA,0.393,58688.979933865
"Spain","CSA",61.9,16.61,"90 Free",47134837,1.39305e+12,0.908,53632.0189290294
"Spain","CSA",61.9,16.61,"90 Free",47134837,1.39305e+12,0.908,742609.376754141
"Sri Lanka","AF",81.43,27.46,"55 Partly Free",21803000,83902574443,0.778,23968.7395737432
"Sri Lanka","AF",81.43,27.46,"55 Partly Free",21803000,83902574443,0.778,489315.535878558
"Sudan","BSH",86.07,30.04,"10 Not Free",42813237,32338079165,0.514,43187.3558725335
"Sudan","BSH",86.07,30.04,"10 Not Free",42813237,32338079165,0.514,1019493.98745425
"Suriname","AF",81.52,27.51,"79 Free",581363,3984483762,0.755,607.54862065086
"Suriname","AF",81.52,27.51,"79 Free",581363,3984483762,0.755,13497.8778443239
"Sweden","DFB",45.05,7.25,"100 Free",10278887,5.3388e+11,0.947,18974.6086098554
"Sweden","DFB",45.05,7.25,"100 Free",10278887,5.3388e+11,0.947,250299.152817582
"Switzerland","DFC",48.38,9.1,"96 Free",8575280,7.31767e+11,0.962,12371.2844656957
"Switzerland","DFC",48.38,9.1,"96 Free",8575280,7.31767e+11,0.962,151472.855645485
"Syria","BWH",71.17,21.76,"1 Not Free",NA,NA,NA,NA
"Taiwan","CWB",75.97,24.43,"94 Free",NA,NA,NA,NA
"Tajikistan","DSC",46.15,7.86,"8 Not Free",9321023,8300784857,0.676,13512.9213903813
"Tajikistan","DSC",46.15,7.86,"8 Not Free",9321023,8300784857,0.676,301030.226948863
"Tanzania","BSH",75.6,24.22,"34 Partly Free",58005461,61136873692,NA,NA
"Thailand","AW",83.55,28.64,"29 Not Free",69625581,5.44081e+11,0.804,51595.4662767894
"Thailand","AW",83.55,28.64,"29 Not Free",69625581,5.44081e+11,0.804,1025817.55034858
"The Bahamas","AW",78.51,25.84,"91 Free",NA,NA,NA,NA
"The Gambia","AW",85.24,29.58,"47 Partly Free",NA,NA,NA,NA
"Timor-Leste","AW",79.83,26.57,"72 Free",1293120,2047931700,0.614,1020.84503468645
"Timor-Leste","AW",79.83,26.57,"72 Free",1293120,2047931700,0.614,22559.0145161254
"Togo","CFA",78.94,26.08,"42 Partly Free",8082359,7220395248,0.535,3709.21334624204
"Togo","CFA",78.94,26.08,"42 Partly Free",8082359,7220395248,0.535,90580.5003147059
"Tonga","AF",78.31,25.73,"79 Free",104497,512350059.4,0.744,100.327739708369
"Tonga","AF",78.31,25.73,"79 Free",104497,512350059.4,0.744,2218.09320591157
"Trinidad and Tobago","AM",81.9,27.72,"82 Free",1394969,23886216403,0.821,2143.2911928494
"Trinidad and Tobago","AM",81.9,27.72,"82 Free",1394969,23886216403,0.821,43675.5738553965
"Tunisia","BWH",69.96,21.09,"64 Partly Free",11694721,41772900763,0.745,21457.0292140251
"Tunisia","BWH",69.96,21.09,"64 Partly Free",11694721,41772900763,0.745,408687.822043969
"Turkey","CSB",58.93,14.96,"32 Not Free",NA,NA,NA,99046.3769527165
"Turkey","CSB",58.93,14.96,"32 Not Free",NA,NA,NA,1847043.76686031
"Turkmenistan","BSK",67.26,19.59,"2 Not Free",5942094,45231428571,0.742,11305.2853445994
"Turkmenistan","BSK",67.26,19.59,"2 Not Free",5942094,45231428571,0.742,241340.130380297
"Tuvalu","AF",83.7,28.72,"93 Free",11655,54223149.11,0.635,22.6689603563048
"Tuvalu","AF",83.7,28.72,"93 Free",11655,54223149.11,0.635,574.953425449833
"Uganda","AM",74.25,23.47,"34 Not Free",44269587,35353060634,0.525,9590.2834363053
"Uganda","AM",74.25,23.47,"34 Not Free",44269587,35353060634,0.525,226539.713594319
"Ukraine","DFB",52.48,11.38,"61 Partly Free",44386203,1.53883e+11,0.786,325873.548826548
"Ukraine","DFB",52.48,11.38,"61 Partly Free",44386203,1.53883e+11,0.786,5582137.26669653
"United Arab Emirates","BWH",85.6,29.78,"17 Not Free",9770526,4.17216e+11,0.92,4880.12613193153
"United Arab Emirates","BWH",85.6,29.78,"17 Not Free",9770526,4.17216e+11,0.92,174392.337032742
"United Kingdom","CFB",51.35,10.75,"93 Free",66836327,2.87867e+12,0.935,93397.7746565299
"United Kingdom","CFB",51.35,10.75,"93 Free",66836327,2.87867e+12,0.935,1419046.88029859
"United States","CFA",54.75,12.64,"83 Free",328329953,2.13726e+13,0.93,NA
"Uruguay","CFA",65.52,18.62,"97 Free",3461731,61231149881,0.821,4090.92464772961
"Uruguay","CFA",65.52,18.62,"97 Free",3461731,61231149881,0.821,65324.801577801
"Uzbekistan","BWK",63.81,17.67,"11 Not Free",33580350,59907674027,0.726,75500.6478098785
"Uzbekistan","BWK",63.81,17.67,"11 Not Free",33580350,59907674027,0.726,1782752.31540251
"Vanuatu","AF",79.3,26.28,"82 Free",299882,936526267.6,0.611,460.135763057826
"Vanuatu","AF",79.3,26.28,"82 Free",299882,936526267.6,0.611,12629.8645385332
"Venezuela","AM",79.97,26.65,"14 Not Free",NA,NA,NA,NA
"Vietnam","CWA",79.25,26.25,"19 Not Free",96462108,3.30391e+11,NA,NA
"Yemen","BWH",77.95,25.53,"9 Not Free",NA,NA,0.461,32304.7505764981
"Yemen","BWH",77.95,25.53,"9 Not Free",NA,NA,0.461,806211.079312975
"Zambia","CWA",73.99,23.33,"51 Partly Free",17861034,23308667781,0.575,4833.05118376733
"Zambia","CWA",73.99,23.33,"51 Partly Free",17861034,23308667781,0.575,126585.267355329
"Zimbabwe","BSH",72.91,22.73,"28 Not Free",14645473,19284289739,0.601,8779.01891743234
"Zimbabwe","BSH",72.91,22.73,"28 Not Free",14645473,19284289739,0.601,205501.663935193
